"Source:","C:\Users\nadja\OneDrive\Documents\CAPIBA\pcb\TSAL\tsal.kicad_sch"
"Date:","24/03/2022 18:10:05"
"Tool:","Eeschema (6.0.1)"
"Generator:","C:\Program Files\KiCad\6.0\bin\scripting\plugins/bom_csv_grouped_by_value.py"
"Component Count:","22"

"Individual Components:"

"Item","Qty","Reference(s)","Value","LibPart","Footprint","Datasheet"
"","","C1","4.7uF","Device:C","Capacitor_THT:C_Axial_L3.8mm_D2.6mm_P7.50mm_Horizontal","~"
"","","C2","1uF","Device:C","Capacitor_THT:C_Axial_L3.8mm_D2.6mm_P7.50mm_Horizontal","~"
"","","C3","0.47uF","Device:C","Capacitor_THT:C_Axial_L3.8mm_D2.6mm_P7.50mm_Horizontal","~"
"","","C4","1uF","Device:C","Capacitor_THT:C_Axial_L3.8mm_D2.6mm_P7.50mm_Horizontal","~"
"","","D1","D_Zener","Device:D_Zener","Diode_THT:D_DO-41_SOD81_P10.16mm_Horizontal","~"
"","","D2","D_Zener","Device:D_Zener","Diode_THT:D_DO-41_SOD81_P10.16mm_Horizontal","~"
"","","D3","1N4007","Diode:1N4007","Diode_THT:D_DO-41_SOD81_P10.16mm_Horizontal","http://www.vishay.com/docs/88503/1n4001.pdf"
"","","D4","1N4007","Diode:1N4007","Diode_THT:D_DO-41_SOD81_P10.16mm_Horizontal","http://www.vishay.com/docs/88503/1n4001.pdf"
"","","F1","Fuse","Device:Fuse","Indicador_acumulador:porta_fusivel_margirius_10x25mm","~"
"","","J1","Conn_01x02_Female","Connector:Conn_01x02_Female","Connector_Molex:Molex_Micro-Fit_3.0_43650-0200_1x02_P3.00mm_Horizontal","~"
"","","J2","Conn_01x04_Female","Connector:Conn_01x04_Female","Connector_Molex:Molex_Micro-Fit_3.0_43650-0400_1x04_P3.00mm_Horizontal","~"
"","","Q1","BC337","Transistor_BJT:BC337","Package_TO_SOT_THT:TO-92_Inline","https://diotec.com/tl_files/diotec/files/pdf/datasheets/bc337.pdf"
"","","R1","18k","Device:R","Resistor_THT:R_Axial_DIN0207_L6.3mm_D2.5mm_P7.62mm_Horizontal","~"
"","","R2","2k","Device:R","Resistor_THT:R_Axial_DIN0207_L6.3mm_D2.5mm_P7.62mm_Horizontal","~"
"","","R3","1k","Device:R","Resistor_THT:R_Axial_DIN0207_L6.3mm_D2.5mm_P7.62mm_Horizontal","~"
"","","R4","22k","Device:R","Resistor_THT:R_Axial_DIN0207_L6.3mm_D2.5mm_P7.62mm_Horizontal","~"
"","","R5","180k","Device:R","Resistor_THT:R_Axial_DIN0207_L6.3mm_D2.5mm_P7.62mm_Horizontal","~"
"","","R6","220","Device:R","Resistor_THT:R_Axial_DIN0207_L6.3mm_D2.5mm_P7.62mm_Horizontal","~"
"","","U1","LR8N3-G","Regulator_Linear:LR8N3-G","Package_TO_SOT_THT:TO-92_Inline","http://www.supertex.com/pdf/datasheets/LR8.pdf"
"","","U2","4N25","Isolator:4N25","Package_DIP:DIP-6_W7.62mm","https://www.vishay.com/docs/83725/4n25.pdf"
"","","U3","NE555P","Timer:NE555P","Package_DIP:DIP-8_W7.62mm","http://www.ti.com/lit/ds/symlink/ne555.pdf"
"","","U4","7400","74xx:7400","Package_SO:SOIC-14_3.9x8.7mm_P1.27mm","http://www.ti.com/lit/gpn/sn7400"



"Collated Components:"

"Item","Qty","Reference(s)","Value","LibPart","Footprint","Datasheet"
"1","1","C1","4.7uF","Device:C","Capacitor_THT:C_Axial_L3.8mm_D2.6mm_P7.50mm_Horizontal","~"
"2","2","C2, C4","1uF","Device:C","Capacitor_THT:C_Axial_L3.8mm_D2.6mm_P7.50mm_Horizontal","~"
"3","1","C3","0.47uF","Device:C","Capacitor_THT:C_Axial_L3.8mm_D2.6mm_P7.50mm_Horizontal","~"
"4","2","D1, D2","D_Zener","Device:D_Zener","Diode_THT:D_DO-41_SOD81_P10.16mm_Horizontal","~"
"5","2","D3, D4","1N4007","Diode:1N4007","Diode_THT:D_DO-41_SOD81_P10.16mm_Horizontal","http://www.vishay.com/docs/88503/1n4001.pdf"
"6","1","F1","Fuse","Device:Fuse","Indicador_acumulador:porta_fusivel_margirius_10x25mm","~"
"7","1","J1","Conn_01x02_Female","Connector:Conn_01x02_Female","Connector_Molex:Molex_Micro-Fit_3.0_43650-0200_1x02_P3.00mm_Horizontal","~"
"8","1","J2","Conn_01x04_Female","Connector:Conn_01x04_Female","Connector_Molex:Molex_Micro-Fit_3.0_43650-0400_1x04_P3.00mm_Horizontal","~"
"9","1","Q1","BC337","Transistor_BJT:BC337","Package_TO_SOT_THT:TO-92_Inline","https://diotec.com/tl_files/diotec/files/pdf/datasheets/bc337.pdf"
"10","1","R1","18k","Device:R","Resistor_THT:R_Axial_DIN0207_L6.3mm_D2.5mm_P7.62mm_Horizontal","~"
"11","1","R2","2k","Device:R","Resistor_THT:R_Axial_DIN0207_L6.3mm_D2.5mm_P7.62mm_Horizontal","~"
"12","1","R3","1k","Device:R","Resistor_THT:R_Axial_DIN0207_L6.3mm_D2.5mm_P7.62mm_Horizontal","~"
"13","1","R4","22k","Device:R","Resistor_THT:R_Axial_DIN0207_L6.3mm_D2.5mm_P7.62mm_Horizontal","~"
"14","1","R5","180k","Device:R","Resistor_THT:R_Axial_DIN0207_L6.3mm_D2.5mm_P7.62mm_Horizontal","~"
"15","1","R6","220","Device:R","Resistor_THT:R_Axial_DIN0207_L6.3mm_D2.5mm_P7.62mm_Horizontal","~"
"16","1","U1","LR8N3-G","Regulator_Linear:LR8N3-G","Package_TO_SOT_THT:TO-92_Inline","http://www.supertex.com/pdf/datasheets/LR8.pdf"
"17","1","U2","4N25","Isolator:4N25","Package_DIP:DIP-6_W7.62mm","https://www.vishay.com/docs/83725/4n25.pdf"
"18","1","U3","NE555P","Timer:NE555P","Package_DIP:DIP-8_W7.62mm","http://www.ti.com/lit/ds/symlink/ne555.pdf"
"19","1","U4","7400","74xx:7400","Package_SO:SOIC-14_3.9x8.7mm_P1.27mm","http://www.ti.com/lit/gpn/sn7400"
