<?xml version="1.0" encoding="UTF-8"?>
<export version="E">
  <design>
    <source>C:\Users\nadja\OneDrive\Documents\CAPIBA\pcb\TSAL\tsal.kicad_sch</source>
    <date>24/03/2022 18:10:05</date>
    <tool>Eeschema (6.0.1)</tool>
    <sheet number="1" name="/" tstamps="/">
      <title_block>
        <title/>
        <company/>
        <rev/>
        <date/>
        <source>tsal.kicad_sch</source>
        <comment number="1" value=""/>
        <comment number="2" value=""/>
        <comment number="3" value=""/>
        <comment number="4" value=""/>
        <comment number="5" value=""/>
        <comment number="6" value=""/>
        <comment number="7" value=""/>
        <comment number="8" value=""/>
        <comment number="9" value=""/>
      </title_block>
    </sheet>
  </design>
  <components>
    <comp ref="C1">
      <value>4.7uF</value>
      <footprint>Capacitor_THT:C_Axial_L3.8mm_D2.6mm_P7.50mm_Horizontal</footprint>
      <libsource lib="Device" part="C" description="Unpolarized capacitor"/>
      <property name="Sheetname" value=""/>
      <property name="Sheetfile" value="tsal.kicad_sch"/>
      <sheetpath names="/" tstamps="/"/>
      <tstamps>00000000-0000-0000-0000-000061395536</tstamps>
    </comp>
    <comp ref="C2">
      <value>1uF</value>
      <footprint>Capacitor_THT:C_Axial_L3.8mm_D2.6mm_P7.50mm_Horizontal</footprint>
      <libsource lib="Device" part="C" description="Unpolarized capacitor"/>
      <property name="Sheetname" value=""/>
      <property name="Sheetfile" value="tsal.kicad_sch"/>
      <sheetpath names="/" tstamps="/"/>
      <tstamps>00000000-0000-0000-0000-000061399865</tstamps>
    </comp>
    <comp ref="C3">
      <value>0.47uF</value>
      <footprint>Capacitor_THT:C_Axial_L3.8mm_D2.6mm_P7.50mm_Horizontal</footprint>
      <libsource lib="Device" part="C" description="Unpolarized capacitor"/>
      <property name="Sheetname" value=""/>
      <property name="Sheetfile" value="tsal.kicad_sch"/>
      <sheetpath names="/" tstamps="/"/>
      <tstamps>9108247d-bf91-4506-a0c0-c6b2ed2bc13c</tstamps>
    </comp>
    <comp ref="C4">
      <value>1uF</value>
      <footprint>Capacitor_THT:C_Axial_L3.8mm_D2.6mm_P7.50mm_Horizontal</footprint>
      <libsource lib="Device" part="C" description="Unpolarized capacitor"/>
      <property name="Sheetname" value=""/>
      <property name="Sheetfile" value="tsal.kicad_sch"/>
      <sheetpath names="/" tstamps="/"/>
      <tstamps>a2a36a1d-4124-4f83-8174-d5f78e4f8800</tstamps>
    </comp>
    <comp ref="D1">
      <value>D_Zener</value>
      <footprint>Diode_THT:D_DO-41_SOD81_P10.16mm_Horizontal</footprint>
      <libsource lib="Device" part="D_Zener" description="Zener diode"/>
      <property name="Sheetname" value=""/>
      <property name="Sheetfile" value="tsal.kicad_sch"/>
      <sheetpath names="/" tstamps="/"/>
      <tstamps>00000000-0000-0000-0000-0000613927c2</tstamps>
    </comp>
    <comp ref="D2">
      <value>D_Zener</value>
      <footprint>Diode_THT:D_DO-41_SOD81_P10.16mm_Horizontal</footprint>
      <libsource lib="Device" part="D_Zener" description="Zener diode"/>
      <property name="Sheetname" value=""/>
      <property name="Sheetfile" value="tsal.kicad_sch"/>
      <sheetpath names="/" tstamps="/"/>
      <tstamps>00000000-0000-0000-0000-000061607276</tstamps>
    </comp>
    <comp ref="D3">
      <value>1N4007</value>
      <footprint>Diode_THT:D_DO-41_SOD81_P10.16mm_Horizontal</footprint>
      <datasheet>http://www.vishay.com/docs/88503/1n4001.pdf</datasheet>
      <libsource lib="Diode" part="1N4007" description="1000V 1A General Purpose Rectifier Diode, DO-41"/>
      <property name="Sheetname" value=""/>
      <property name="Sheetfile" value="tsal.kicad_sch"/>
      <sheetpath names="/" tstamps="/"/>
      <tstamps>96134b9d-9816-4a34-a827-46b399595ab5</tstamps>
    </comp>
    <comp ref="D4">
      <value>1N4007</value>
      <footprint>Diode_THT:D_DO-41_SOD81_P10.16mm_Horizontal</footprint>
      <datasheet>http://www.vishay.com/docs/88503/1n4001.pdf</datasheet>
      <libsource lib="Diode" part="1N4007" description="1000V 1A General Purpose Rectifier Diode, DO-41"/>
      <property name="Sheetname" value=""/>
      <property name="Sheetfile" value="tsal.kicad_sch"/>
      <sheetpath names="/" tstamps="/"/>
      <tstamps>7bfe75c8-1cfd-41ac-863a-8e92d90f67a2</tstamps>
    </comp>
    <comp ref="F1">
      <value>Fuse</value>
      <footprint>Indicador_acumulador:porta_fusivel_margirius_10x25mm</footprint>
      <libsource lib="Device" part="Fuse" description="Fuse"/>
      <property name="Sheetname" value=""/>
      <property name="Sheetfile" value="tsal.kicad_sch"/>
      <sheetpath names="/" tstamps="/"/>
      <tstamps>00000000-0000-0000-0000-000061390539</tstamps>
    </comp>
    <comp ref="J1">
      <value>Conn_01x02_Female</value>
      <footprint>Connector_Molex:Molex_Micro-Fit_3.0_43650-0200_1x02_P3.00mm_Horizontal</footprint>
      <libsource lib="Connector" part="Conn_01x02_Female" description="Generic connector, single row, 01x02, script generated (kicad-library-utils/schlib/autogen/connector/)"/>
      <property name="Sheetname" value=""/>
      <property name="Sheetfile" value="tsal.kicad_sch"/>
      <sheetpath names="/" tstamps="/"/>
      <tstamps>f8df8501-2527-4deb-9ade-9c8c15dada7c</tstamps>
    </comp>
    <comp ref="J2">
      <value>Conn_01x04_Female</value>
      <footprint>Connector_Molex:Molex_Micro-Fit_3.0_43650-0400_1x04_P3.00mm_Horizontal</footprint>
      <libsource lib="Connector" part="Conn_01x04_Female" description="Generic connector, single row, 01x04, script generated (kicad-library-utils/schlib/autogen/connector/)"/>
      <property name="Sheetname" value=""/>
      <property name="Sheetfile" value="tsal.kicad_sch"/>
      <sheetpath names="/" tstamps="/"/>
      <tstamps>128753ae-51f9-48cd-970e-ffe1fbbae913</tstamps>
    </comp>
    <comp ref="Q1">
      <value>BC337</value>
      <footprint>Package_TO_SOT_THT:TO-92_Inline</footprint>
      <datasheet>https://diotec.com/tl_files/diotec/files/pdf/datasheets/bc337.pdf</datasheet>
      <libsource lib="Transistor_BJT" part="BC337" description="0.8A Ic, 45V Vce, NPN Transistor, TO-92"/>
      <property name="Sheetname" value=""/>
      <property name="Sheetfile" value="tsal.kicad_sch"/>
      <sheetpath names="/" tstamps="/"/>
      <tstamps>12fddc6a-f5c3-4f0e-a1f7-85b6ba9738c0</tstamps>
    </comp>
    <comp ref="R1">
      <value>18k</value>
      <footprint>Resistor_THT:R_Axial_DIN0207_L6.3mm_D2.5mm_P7.62mm_Horizontal</footprint>
      <libsource lib="Device" part="R" description="Resistor"/>
      <property name="Sheetname" value=""/>
      <property name="Sheetfile" value="tsal.kicad_sch"/>
      <sheetpath names="/" tstamps="/"/>
      <tstamps>00000000-0000-0000-0000-00006139707b</tstamps>
    </comp>
    <comp ref="R2">
      <value>2k</value>
      <footprint>Resistor_THT:R_Axial_DIN0207_L6.3mm_D2.5mm_P7.62mm_Horizontal</footprint>
      <libsource lib="Device" part="R" description="Resistor"/>
      <property name="Sheetname" value=""/>
      <property name="Sheetfile" value="tsal.kicad_sch"/>
      <sheetpath names="/" tstamps="/"/>
      <tstamps>00000000-0000-0000-0000-000061398956</tstamps>
    </comp>
    <comp ref="R3">
      <value>1k</value>
      <footprint>Resistor_THT:R_Axial_DIN0207_L6.3mm_D2.5mm_P7.62mm_Horizontal</footprint>
      <libsource lib="Device" part="R" description="Resistor"/>
      <property name="Sheetname" value=""/>
      <property name="Sheetfile" value="tsal.kicad_sch"/>
      <sheetpath names="/" tstamps="/"/>
      <tstamps>00000000-0000-0000-0000-00006139a1d2</tstamps>
    </comp>
    <comp ref="R4">
      <value>22k</value>
      <footprint>Resistor_THT:R_Axial_DIN0207_L6.3mm_D2.5mm_P7.62mm_Horizontal</footprint>
      <libsource lib="Device" part="R" description="Resistor"/>
      <property name="Sheetname" value=""/>
      <property name="Sheetfile" value="tsal.kicad_sch"/>
      <sheetpath names="/" tstamps="/"/>
      <tstamps>c873bd9a-6e53-4c25-827e-3cab282410ae</tstamps>
    </comp>
    <comp ref="R5">
      <value>180k</value>
      <footprint>Resistor_THT:R_Axial_DIN0207_L6.3mm_D2.5mm_P7.62mm_Horizontal</footprint>
      <libsource lib="Device" part="R" description="Resistor"/>
      <property name="Sheetname" value=""/>
      <property name="Sheetfile" value="tsal.kicad_sch"/>
      <sheetpath names="/" tstamps="/"/>
      <tstamps>7c06ef41-5e76-414e-a9e1-3f8ad3ffd66b</tstamps>
    </comp>
    <comp ref="R6">
      <value>220</value>
      <footprint>Resistor_THT:R_Axial_DIN0207_L6.3mm_D2.5mm_P7.62mm_Horizontal</footprint>
      <libsource lib="Device" part="R" description="Resistor"/>
      <property name="Sheetname" value=""/>
      <property name="Sheetfile" value="tsal.kicad_sch"/>
      <sheetpath names="/" tstamps="/"/>
      <tstamps>dcb11a44-0d76-4f5d-b3cf-d6e902e58fd5</tstamps>
    </comp>
    <comp ref="U1">
      <value>LR8N3-G</value>
      <footprint>Package_TO_SOT_THT:TO-92_Inline</footprint>
      <datasheet>http://www.supertex.com/pdf/datasheets/LR8.pdf</datasheet>
      <libsource lib="Regulator_Linear" part="LR8N3-G" description="30mA 450V High-Voltage Linear Regulator (Adjustable), TO-92"/>
      <property name="Sheetname" value=""/>
      <property name="Sheetfile" value="tsal.kicad_sch"/>
      <sheetpath names="/" tstamps="/"/>
      <tstamps>00000000-0000-0000-0000-00006138fbdb</tstamps>
    </comp>
    <comp ref="U2">
      <value>4N25</value>
      <footprint>Package_DIP:DIP-6_W7.62mm</footprint>
      <datasheet>https://www.vishay.com/docs/83725/4n25.pdf</datasheet>
      <libsource lib="Isolator" part="4N25" description="DC Optocoupler Base Connected, Vce 30V, CTR 20%, Viso 2500V, DIP6"/>
      <property name="Sheetname" value=""/>
      <property name="Sheetfile" value="tsal.kicad_sch"/>
      <sheetpath names="/" tstamps="/"/>
      <tstamps>6504cfdc-6446-4592-b544-df5485f34a07</tstamps>
    </comp>
    <comp ref="U3">
      <value>NE555P</value>
      <footprint>Package_DIP:DIP-8_W7.62mm</footprint>
      <datasheet>http://www.ti.com/lit/ds/symlink/ne555.pdf</datasheet>
      <libsource lib="Timer" part="NE555P" description="Precision Timers, 555 compatible,  PDIP-8"/>
      <property name="Sheetname" value=""/>
      <property name="Sheetfile" value="tsal.kicad_sch"/>
      <sheetpath names="/" tstamps="/"/>
      <tstamps>ec3e2ec7-d529-48b7-a449-58bf88b76649</tstamps>
    </comp>
    <comp ref="U4">
      <value>7400</value>
      <footprint>Package_SO:SOIC-14_3.9x8.7mm_P1.27mm</footprint>
      <datasheet>http://www.ti.com/lit/gpn/sn7400</datasheet>
      <libsource lib="74xx" part="7400" description="quad 2-input NAND gate"/>
      <property name="Sheetname" value=""/>
      <property name="Sheetfile" value="tsal.kicad_sch"/>
      <sheetpath names="/" tstamps="/"/>
      <tstamps>ddd69bb9-204a-44dd-86db-5fbe84a04d1c</tstamps>
    </comp>
  </components>
  <libparts>
    <libpart lib="74xx" part="7400">
      <description>quad 2-input NAND gate</description>
      <docs>http://www.ti.com/lit/gpn/sn7400</docs>
      <footprints>
        <fp>DIP*W7.62mm*</fp>
        <fp>SO14*</fp>
      </footprints>
      <fields>
        <field name="Reference">U</field>
        <field name="Value">7400</field>
        <field name="Datasheet">http://www.ti.com/lit/gpn/sn7400</field>
      </fields>
      <pins>
        <pin num="1" name="" type="input"/>
        <pin num="2" name="" type="input"/>
        <pin num="3" name="" type="output"/>
        <pin num="4" name="" type="input"/>
        <pin num="5" name="" type="input"/>
        <pin num="6" name="" type="output"/>
        <pin num="7" name="GND" type="power_in"/>
        <pin num="8" name="" type="output"/>
        <pin num="9" name="" type="input"/>
        <pin num="10" name="" type="input"/>
        <pin num="11" name="" type="output"/>
        <pin num="12" name="" type="input"/>
        <pin num="13" name="" type="input"/>
        <pin num="14" name="VCC" type="power_in"/>
      </pins>
    </libpart>
    <libpart lib="Connector" part="Conn_01x02_Female">
      <description>Generic connector, single row, 01x02, script generated (kicad-library-utils/schlib/autogen/connector/)</description>
      <docs>~</docs>
      <footprints>
        <fp>Connector*:*_1x??_*</fp>
      </footprints>
      <fields>
        <field name="Reference">J</field>
        <field name="Value">Conn_01x02_Female</field>
        <field name="Datasheet">~</field>
      </fields>
      <pins>
        <pin num="1" name="Pin_1" type="passive"/>
        <pin num="2" name="Pin_2" type="passive"/>
      </pins>
    </libpart>
    <libpart lib="Connector" part="Conn_01x04_Female">
      <description>Generic connector, single row, 01x04, script generated (kicad-library-utils/schlib/autogen/connector/)</description>
      <docs>~</docs>
      <footprints>
        <fp>Connector*:*_1x??_*</fp>
      </footprints>
      <fields>
        <field name="Reference">J</field>
        <field name="Value">Conn_01x04_Female</field>
        <field name="Datasheet">~</field>
      </fields>
      <pins>
        <pin num="1" name="Pin_1" type="passive"/>
        <pin num="2" name="Pin_2" type="passive"/>
        <pin num="3" name="Pin_3" type="passive"/>
        <pin num="4" name="Pin_4" type="passive"/>
      </pins>
    </libpart>
    <libpart lib="Device" part="C">
      <description>Unpolarized capacitor</description>
      <docs>~</docs>
      <footprints>
        <fp>C_*</fp>
      </footprints>
      <fields>
        <field name="Reference">C</field>
        <field name="Value">C</field>
        <field name="Datasheet">~</field>
      </fields>
      <pins>
        <pin num="1" name="" type="passive"/>
        <pin num="2" name="" type="passive"/>
      </pins>
    </libpart>
    <libpart lib="Device" part="D_Zener">
      <description>Zener diode</description>
      <docs>~</docs>
      <footprints>
        <fp>TO-???*</fp>
        <fp>*_Diode_*</fp>
        <fp>*SingleDiode*</fp>
        <fp>D_*</fp>
      </footprints>
      <fields>
        <field name="Reference">D</field>
        <field name="Value">D_Zener</field>
        <field name="Datasheet">~</field>
      </fields>
      <pins>
        <pin num="1" name="K" type="passive"/>
        <pin num="2" name="A" type="passive"/>
      </pins>
    </libpart>
    <libpart lib="Device" part="Fuse">
      <description>Fuse</description>
      <docs>~</docs>
      <footprints>
        <fp>*Fuse*</fp>
      </footprints>
      <fields>
        <field name="Reference">F</field>
        <field name="Value">Fuse</field>
        <field name="Datasheet">~</field>
      </fields>
      <pins>
        <pin num="1" name="" type="passive"/>
        <pin num="2" name="" type="passive"/>
      </pins>
    </libpart>
    <libpart lib="Device" part="R">
      <description>Resistor</description>
      <docs>~</docs>
      <footprints>
        <fp>R_*</fp>
      </footprints>
      <fields>
        <field name="Reference">R</field>
        <field name="Value">R</field>
        <field name="Datasheet">~</field>
      </fields>
      <pins>
        <pin num="1" name="" type="passive"/>
        <pin num="2" name="" type="passive"/>
      </pins>
    </libpart>
    <libpart lib="Diode" part="1N4007">
      <description>1000V 1A General Purpose Rectifier Diode, DO-41</description>
      <docs>http://www.vishay.com/docs/88503/1n4001.pdf</docs>
      <footprints>
        <fp>D*DO?41*</fp>
      </footprints>
      <fields>
        <field name="Reference">D</field>
        <field name="Value">1N4007</field>
        <field name="Footprint">Diode_THT:D_DO-41_SOD81_P10.16mm_Horizontal</field>
        <field name="Datasheet">http://www.vishay.com/docs/88503/1n4001.pdf</field>
      </fields>
      <pins>
        <pin num="1" name="K" type="passive"/>
        <pin num="2" name="A" type="passive"/>
      </pins>
    </libpart>
    <libpart lib="Isolator" part="4N25">
      <description>DC Optocoupler Base Connected, Vce 30V, CTR 20%, Viso 2500V, DIP6</description>
      <docs>https://www.vishay.com/docs/83725/4n25.pdf</docs>
      <footprints>
        <fp>DIP*W7.62mm*</fp>
      </footprints>
      <fields>
        <field name="Reference">U</field>
        <field name="Value">4N25</field>
        <field name="Footprint">Package_DIP:DIP-6_W7.62mm</field>
        <field name="Datasheet">https://www.vishay.com/docs/83725/4n25.pdf</field>
      </fields>
      <pins>
        <pin num="1" name="" type="passive"/>
        <pin num="2" name="" type="passive"/>
        <pin num="3" name="NC" type="no_connect"/>
        <pin num="4" name="" type="passive"/>
        <pin num="5" name="" type="passive"/>
        <pin num="6" name="" type="passive"/>
      </pins>
    </libpart>
    <libpart lib="Regulator_Linear" part="LR8N3-G">
      <description>30mA 450V High-Voltage Linear Regulator (Adjustable), TO-92</description>
      <docs>http://www.supertex.com/pdf/datasheets/LR8.pdf</docs>
      <footprints>
        <fp>TO?92*</fp>
      </footprints>
      <fields>
        <field name="Reference">U</field>
        <field name="Value">LR8N3-G</field>
        <field name="Footprint">Package_TO_SOT_THT:TO-92_Inline</field>
        <field name="Datasheet">http://www.supertex.com/pdf/datasheets/LR8.pdf</field>
      </fields>
      <pins>
        <pin num="1" name="IN" type="input"/>
        <pin num="2" name="OUT" type="power_out"/>
        <pin num="3" name="ADJ" type="input"/>
      </pins>
    </libpart>
    <libpart lib="Timer" part="NE555P">
      <description>Precision Timers, 555 compatible,  PDIP-8</description>
      <docs>http://www.ti.com/lit/ds/symlink/ne555.pdf</docs>
      <footprints>
        <fp>DIP*W7.62mm*</fp>
      </footprints>
      <fields>
        <field name="Reference">U</field>
        <field name="Value">NE555P</field>
        <field name="Footprint">Package_DIP:DIP-8_W7.62mm</field>
        <field name="Datasheet">http://www.ti.com/lit/ds/symlink/ne555.pdf</field>
      </fields>
      <pins>
        <pin num="1" name="GND" type="power_in"/>
        <pin num="2" name="TR" type="input"/>
        <pin num="3" name="Q" type="output"/>
        <pin num="4" name="R" type="input"/>
        <pin num="5" name="CV" type="input"/>
        <pin num="6" name="THR" type="input"/>
        <pin num="7" name="DIS" type="input"/>
        <pin num="8" name="VCC" type="power_in"/>
      </pins>
    </libpart>
    <libpart lib="Transistor_BJT" part="BC337">
      <description>0.8A Ic, 45V Vce, NPN Transistor, TO-92</description>
      <docs>https://diotec.com/tl_files/diotec/files/pdf/datasheets/bc337.pdf</docs>
      <footprints>
        <fp>TO?92*</fp>
      </footprints>
      <fields>
        <field name="Reference">Q</field>
        <field name="Value">BC337</field>
        <field name="Footprint">Package_TO_SOT_THT:TO-92_Inline</field>
        <field name="Datasheet">https://diotec.com/tl_files/diotec/files/pdf/datasheets/bc337.pdf</field>
      </fields>
      <pins>
        <pin num="1" name="C" type="passive"/>
        <pin num="2" name="B" type="input"/>
        <pin num="3" name="E" type="passive"/>
      </pins>
    </libpart>
  </libparts>
  <libraries>
    <library logical="74xx">
      <uri>C:\Program Files\KiCad\6.0\share\kicad\symbols\/74xx.kicad_sym</uri>
    </library>
    <library logical="Connector">
      <uri>C:\Program Files\KiCad\6.0\share\kicad\symbols\/Connector.kicad_sym</uri>
    </library>
    <library logical="Device">
      <uri>C:\Program Files\KiCad\6.0\share\kicad\symbols\/Device.kicad_sym</uri>
    </library>
    <library logical="Diode">
      <uri>C:\Program Files\KiCad\6.0\share\kicad\symbols\/Diode.kicad_sym</uri>
    </library>
    <library logical="Isolator">
      <uri>C:\Program Files\KiCad\6.0\share\kicad\symbols\/Isolator.kicad_sym</uri>
    </library>
    <library logical="Regulator_Linear">
      <uri>C:\Program Files\KiCad\6.0\share\kicad\symbols\/Regulator_Linear.kicad_sym</uri>
    </library>
    <library logical="Timer">
      <uri>C:\Program Files\KiCad\6.0\share\kicad\symbols\/Timer.kicad_sym</uri>
    </library>
    <library logical="Transistor_BJT">
      <uri>C:\Program Files\KiCad\6.0\share\kicad\symbols\/Transistor_BJT.kicad_sym</uri>
    </library>
  </libraries>
  <nets>
    <net code="1" name="/HV+">
      <node ref="F1" pin="2" pintype="passive"/>
      <node ref="J1" pin="1" pinfunction="Pin_1" pintype="passive"/>
    </net>
    <net code="2" name="/HV-">
      <node ref="C1" pin="2" pintype="passive"/>
      <node ref="C2" pin="2" pintype="passive"/>
      <node ref="J1" pin="2" pinfunction="Pin_2" pintype="passive"/>
      <node ref="R1" pin="2" pintype="passive"/>
      <node ref="U2" pin="2" pintype="passive"/>
    </net>
    <net code="3" name="/LED GREEN">
      <node ref="J2" pin="1" pinfunction="Pin_1" pintype="passive"/>
      <node ref="U4" pin="3" pintype="output"/>
    </net>
    <net code="4" name="/LED RED">
      <node ref="J2" pin="2" pinfunction="Pin_2" pintype="passive"/>
      <node ref="Q1" pin="1" pinfunction="C" pintype="passive"/>
    </net>
    <net code="5" name="/LV+">
      <node ref="J2" pin="3" pinfunction="Pin_3" pintype="passive"/>
      <node ref="U4" pin="1" pintype="input"/>
    </net>
    <net code="6" name="/LV-">
      <node ref="C3" pin="2" pintype="passive"/>
      <node ref="C4" pin="2" pintype="passive"/>
      <node ref="J2" pin="4" pinfunction="Pin_4" pintype="passive"/>
      <node ref="U2" pin="4" pintype="passive"/>
      <node ref="U3" pin="1" pinfunction="GND" pintype="power_in"/>
    </net>
    <net code="7" name="Net-(C1-Pad1)">
      <node ref="C1" pin="1" pintype="passive"/>
      <node ref="D2" pin="2" pinfunction="A" pintype="passive"/>
      <node ref="U1" pin="1" pinfunction="IN" pintype="input"/>
    </net>
    <net code="8" name="Net-(C2-Pad1)">
      <node ref="C2" pin="1" pintype="passive"/>
      <node ref="R2" pin="1" pintype="passive"/>
      <node ref="R3" pin="2" pintype="passive"/>
      <node ref="U1" pin="2" pinfunction="OUT" pintype="power_out"/>
    </net>
    <net code="9" name="Net-(C3-Pad1)">
      <node ref="C3" pin="1" pintype="passive"/>
      <node ref="U3" pin="5" pinfunction="CV" pintype="input"/>
    </net>
    <net code="10" name="Net-(C4-Pad1)">
      <node ref="C4" pin="1" pintype="passive"/>
      <node ref="R5" pin="1" pintype="passive"/>
      <node ref="U3" pin="2" pinfunction="TR" pintype="input"/>
      <node ref="U3" pin="6" pinfunction="THR" pintype="input"/>
    </net>
    <net code="11" name="Net-(D1-Pad1)">
      <node ref="D1" pin="1" pinfunction="K" pintype="passive"/>
      <node ref="F1" pin="1" pintype="passive"/>
    </net>
    <net code="12" name="Net-(D1-Pad2)">
      <node ref="D1" pin="2" pinfunction="A" pintype="passive"/>
      <node ref="D2" pin="1" pinfunction="K" pintype="passive"/>
    </net>
    <net code="13" name="Net-(D3-Pad1)">
      <node ref="D3" pin="1" pinfunction="K" pintype="passive"/>
      <node ref="Q1" pin="2" pinfunction="B" pintype="input"/>
    </net>
    <net code="14" name="Net-(D4-Pad1)">
      <node ref="D4" pin="1" pinfunction="K" pintype="passive"/>
      <node ref="U4" pin="2" pintype="input"/>
    </net>
    <net code="15" name="Net-(D4-Pad2)">
      <node ref="D4" pin="2" pinfunction="A" pintype="passive"/>
      <node ref="Q1" pin="3" pinfunction="E" pintype="passive"/>
      <node ref="R4" pin="2" pintype="passive"/>
      <node ref="U2" pin="5" pintype="passive"/>
      <node ref="U3" pin="4" pinfunction="R" pintype="input"/>
      <node ref="U3" pin="8" pinfunction="VCC" pintype="power_in"/>
    </net>
    <net code="16" name="Net-(R1-Pad1)">
      <node ref="R1" pin="1" pintype="passive"/>
      <node ref="R2" pin="2" pintype="passive"/>
      <node ref="U1" pin="3" pinfunction="ADJ" pintype="input"/>
    </net>
    <net code="17" name="Net-(R3-Pad1)">
      <node ref="R3" pin="1" pintype="passive"/>
      <node ref="U2" pin="1" pintype="passive"/>
    </net>
    <net code="18" name="Net-(R4-Pad1)">
      <node ref="R4" pin="1" pintype="passive"/>
      <node ref="R5" pin="2" pintype="passive"/>
      <node ref="U3" pin="7" pinfunction="DIS" pintype="input"/>
    </net>
    <net code="19" name="Net-(R6-Pad1)">
      <node ref="D3" pin="2" pinfunction="A" pintype="passive"/>
      <node ref="R6" pin="1" pintype="passive"/>
    </net>
    <net code="20" name="Net-(R6-Pad2)">
      <node ref="R6" pin="2" pintype="passive"/>
      <node ref="U3" pin="3" pinfunction="Q" pintype="output"/>
    </net>
    <net code="21" name="unconnected-(U2-Pad3)">
      <node ref="U2" pin="3" pinfunction="NC" pintype="no_connect"/>
    </net>
    <net code="22" name="unconnected-(U2-Pad6)">
      <node ref="U2" pin="6" pintype="passive"/>
    </net>
  </nets>
</export>
